employee_id,first_name,last_name,username,department,title,role,manager_id,employment_type,status,hire_date,end_date
MG-0001,Ricardo,Menezes,ricardo.menezes,executive,Chief Executive Officer,executive-officer,,employee,active,2014-03-10,
MG-0002,Fernanda,Rocha,fernanda.rocha,executive,Chief Financial Officer,executive-officer,MG-0001,employee,active,2016-02-01,
MG-0003,Eduardo,Bastos,eduardo.bastos,executive,Chief Investment Officer,executive-officer,MG-0001,employee,active,2014-03-10,
MG-0004,Helena,Vasconcelos,helena.vasconcelos,executive,Chief Technology Officer,executive-officer,MG-0001,employee,active,2018-07-16,
MG-0005,Marcelo,Tavares,marcelo.tavares,executive,Chief Operating Officer,executive-officer,MG-0001,employee,active,2017-05-02,
MG-0010,Gustavo,Ferraz,gustavo.ferraz,investments,Partner,investment-lead,MG-0003,employee,active,2015-01-12,
MG-0011,Camila,Duarte,camila.duarte,investments,Principal,investment-lead,MG-0010,employee,active,2018-09-03,
MG-0012,Thiago,Moura,thiago.moura,investments,Investment Associate,investment-professional,MG-0011,employee,active,2021-02-15,
MG-0013,Larissa,Queiroz,larissa.queiroz,investments,Investment Associate,investment-professional,MG-0011,employee,active,2022-03-07,
MG-0014,Bruno,Siqueira,bruno.siqueira,investments,Investment Analyst,investment-professional,MG-0011,employee,active,2023-08-01,
MG-0015,Natália,Ribeiro,natalia.ribeiro,investments,Investment Analyst,investment-professional,MG-0011,employee,active,2024-01-15,
MG-0016,Felipe,Arantes,felipe.arantes,investments,Investment Analyst,investment-professional,MG-0011,employee,active,2025-02-03,
MG-0017,Isabela,Martins,isabela.martins,investments,Portfolio Monitoring Analyst,investment-professional,MG-0010,employee,active,2022-10-10,
MG-0020,Patrícia,Lopes,patricia.lopes,finance,Finance Manager,finance-manager,MG-0002,employee,active,2017-04-03,
MG-0021,João,Silva,joao.silva,finance,Senior Financial Analyst,finance-staff,MG-0020,employee,active,2019-06-17,
MG-0022,Renata,Farias,renata.farias,finance,Accountant,finance-staff,MG-0020,employee,active,2020-01-20,
MG-0023,Diego,Carvalho,diego.carvalho,finance,Accounts Payable Analyst,finance-staff,MG-0020,employee,active,2022-05-09,
MG-0024,Aline,Barros,aline.barros,finance,Fund Accountant,finance-staff,MG-0020,employee,on_leave,2021-11-08,
MG-0025,Vinícius,Teles,vinicius.teles,finance,Treasury Analyst,finance-staff,MG-0020,employee,active,2023-03-13,
MG-0026,Sabrina,Lacerda,sabrina.lacerda,finance,Financial Analyst,finance-staff,MG-0020,employee,active,2024-07-01,
MG-0030,Cristina,Albuquerque,cristina.albuquerque,investor-relations,Head of Investor Relations,investor-relations,MG-0001,employee,active,2016-08-22,
MG-0031,Rafael,Dias,rafael.dias,investor-relations,Investor Relations Associate,investor-relations,MG-0030,employee,active,2020-10-05,
MG-0032,Mariana,Pacheco,mariana.pacheco,investor-relations,Investor Relations Associate,investor-relations,MG-0030,employee,active,2021-06-14,
MG-0033,André,Nogueira,andre.nogueira,investor-relations,Business Development Manager,investor-relations,MG-0030,employee,active,2019-03-18,
MG-0034,Letícia,Campos,leticia.campos,investor-relations,Investor Relations Analyst,investor-relations,MG-0030,employee,active,2023-01-09,
MG-0035,Paula,Mendonça,paula.mendonca,investor-relations,Investor Relations Analyst,investor-relations,MG-0030,employee,active,2024-04-22,
MG-0036,Otávio,Brandão,otavio.brandao,investor-relations,Business Development Analyst,investor-relations,MG-0033,employee,active,2025-01-13,
MG-0037,Tatiana,Guedes,tatiana.guedes,investor-relations,Client Service Specialist,investor-relations,MG-0030,employee,active,2022-08-29,
MG-0040,Roberto,Salgado,roberto.salgado,operations,Head of Fund Operations,operations-staff,MG-0005,employee,active,2016-11-07,
MG-0041,Juliana,Castro,juliana.castro,operations,Operations Analyst,operations-staff,MG-0040,employee,active,2020-02-10,
MG-0042,Leonardo,Pires,leonardo.pires,operations,Settlements Analyst,operations-staff,MG-0040,employee,active,2021-09-20,
MG-0043,Vanessa,Coelho,vanessa.coelho,operations,Fund Administration Analyst,operations-staff,MG-0040,employee,active,2022-04-04,
MG-0044,Rodrigo,Amaral,rodrigo.amaral,operations,Operations Analyst,operations-staff,MG-0040,employee,active,2023-06-12,
MG-0045,Priscila,Moraes,priscila.moraes,operations,Reporting Analyst,operations-staff,MG-0040,employee,active,2024-02-19,
MG-0046,Fábio,Leal,fabio.leal,operations,Operations Assistant,operations-staff,MG-0040,intern,active,2026-02-02,2026-12-18
MG-0050,Cláudia,Peixoto,claudia.peixoto,hr,HR Manager,hr-manager,MG-0005,employee,active,2017-09-11,
MG-0051,Maria,Souza,maria.souza,hr,HR Analyst,hr-staff,MG-0050,employee,active,2020-07-06,
MG-0052,Daniela,Freitas,daniela.freitas,hr,Recruiter,hr-staff,MG-0050,employee,active,2023-10-02,
MG-0053,Sérgio,Antunes,sergio.antunes,hr,Payroll and Benefits Analyst,hr-payroll,MG-0050,employee,active,2019-01-14,
MG-0060,Alexandre,Rezende,alexandre.rezende,development,Engineering Manager,dev-lead,MG-0004,employee,active,2018-10-01,
MG-0061,Beatriz,Nunes,beatriz.nunes,development,Tech Lead,dev-lead,MG-0060,employee,active,2019-04-15,
MG-0062,Carlos,Lima,carlos.lima,development,Backend Developer,developer,MG-0061,employee,active,2021-03-01,
MG-0063,Henrique,Batista,henrique.batista,development,Backend Developer,developer,MG-0061,employee,active,2022-01-10,
MG-0064,Amanda,Teixeira,amanda.teixeira,development,Frontend Developer,developer,MG-0061,employee,active,2021-08-16,
MG-0065,Caio,Fagundes,caio.fagundes,development,Frontend Developer,developer,MG-0061,employee,active,2023-02-06,
MG-0066,Mateus,Rangel,mateus.rangel,development,Full-Stack Developer,developer,MG-0075,employee,active,2022-06-20,
MG-0067,Yasmin,Cordeiro,yasmin.cordeiro,development,Full-Stack Developer,developer,MG-0075,employee,active,2024-03-04,
MG-0068,Igor,Valente,igor.valente,development,Data Engineer,developer,MG-0075,employee,active,2020-11-23,
MG-0069,Lívia,Assunção,livia.assuncao,development,Data Engineer,developer,MG-0075,employee,active,2023-09-11,
MG-0070,Samuel,Prates,samuel.prates,development,DevOps Engineer,developer,MG-0060,employee,active,2021-05-17,
MG-0071,Elaine,Motta,elaine.motta,development,QA Engineer,developer,MG-0061,employee,active,2022-11-07,
MG-0072,Murilo,Castanho,murilo.castanho,development,QA Engineer,developer,MG-0075,employee,active,2024-08-19,
MG-0073,Bianca,Serrano,bianca.serrano,development,Developer Intern,developer,MG-0061,intern,active,2026-02-02,2026-12-18
MG-0074,Leandro,Viana,leandro.viana,development,Contract Backend Developer,developer,MG-0061,contractor,active,2026-04-06,2026-10-30
MG-0075,Débora,Lins,debora.lins,development,Tech Lead,dev-lead,MG-0060,employee,active,2020-03-09,
MG-0080,Márcio,Guimarães,marcio.guimaraes,it,IT Manager,it-staff,MG-0004,employee,active,2016-06-06,
MG-0081,Ana,Costa,ana.costa,it,Systems Administrator,it-staff,MG-0080,employee,active,2019-08-12,
MG-0082,Rogério,Quintela,rogerio.quintela,it,Network Administrator,it-staff,MG-0080,employee,active,2018-02-26,
MG-0083,Simone,Araújo,simone.araujo,it,Systems Administrator,it-staff,MG-0080,employee,active,2022-09-05,
MG-0084,Wagner,Brito,wagner.brito,it,Cloud Engineer,it-staff,MG-0080,employee,active,2023-05-22,
MG-0085,Kelly,Mattos,kelly.mattos,it,Endpoint Administrator,it-staff,MG-0080,employee,active,2024-10-14,
MG-0090,Jéssica,Andrade,jessica.andrade,support,Service Desk Coordinator,support-agent,MG-0080,employee,active,2019-10-21,
MG-0091,Lucas,Prado,lucas.prado,support,Service Desk Analyst,support-agent,MG-0090,employee,active,2022-02-14,
MG-0092,Vitor,Damasceno,vitor.damasceno,support,Service Desk Analyst,support-agent,MG-0090,employee,active,2023-07-03,
MG-0093,Carolina,Sampaio,carolina.sampaio,support,Service Desk Analyst,support-agent,MG-0090,employee,active,2024-05-13,
MG-0094,Everton,Pimentel,everton.pimentel,support,Senior Support Analyst,support-agent,MG-0090,employee,active,2020-12-07,
MG-0095,Raquel,Honorato,raquel.honorato,support,Senior Support Analyst,support-agent,MG-0090,employee,active,2021-10-18,
MG-0096,Rafaela,Borges,rafaela.borges,support,Service Desk Analyst,support-agent,MG-0090,employee,active,2025-06-09,
MG-0097,Alan,Moreira,alan.moreira,support,Service Desk Analyst,support-agent,MG-0090,employee,terminated,2021-04-05,2026-08-28
MG-0100,Luciana,Fontana,luciana.fontana,security,Head of Information Security,security-lead,MG-0001,employee,active,2019-02-04,
MG-0101,Pedro,Alves,pedro.alves,security,SOC Analyst,security-analyst,MG-0100,employee,active,2022-07-11,
MG-0102,Ingrid,Sales,ingrid.sales,security,Security Engineer,security-analyst,MG-0100,employee,active,2021-01-25,
MG-0103,Nelson,Barreto,nelson.barreto,security,GRC and IAM Analyst,security-analyst,MG-0100,employee,active,2023-11-06,
